EventId,Pred_Label
100000,s
100001,b
100002,b
100003,b
100004,b
100005,b
100006,s
100007,s
100008,b
100009,s
100010,b
100011,b
100012,b
100013,b
100014,b
100015,s
100016,b
100017,s
100018,b
100019,b
100020,b
100021,b
100022,b
100023,s
100024,b
100025,b
100026,s
100027,s
100028,s
100029,b
100030,b
100031,s
100032,s
100033,b
100034,b
100035,b
100036,s
100037,s
100038,s
100039,s
100040,s
100041,b
100042,s
100043,b
100044,b
100045,b
100046,s
100047,s
100048,b
100049,s
100050,b
100051,s
100052,b
100053,b
100054,b
100055,b
100056,b
100057,s
100058,s
100059,b
100060,s
100061,s
100062,b
100063,b
100064,b
100065,b
100066,b
100067,b
100068,b
100069,b
100070,s
100071,s
100072,b
100073,s
100074,b
100075,s
100076,b
100077,b
100078,s
100079,s
100080,b
100081,b
100082,s
100083,b
100084,b
100085,b
100086,b
100087,b
100088,b
100089,b
100090,b
100091,b
100092,b
100093,s
100094,b
100095,b
100096,s
100097,s
100098,b
100099,b
100100,b
100101,s
100102,b
100103,s
100104,b
100105,b
100106,s
100107,s
100108,b
100109,b
100110,s
100111,b
100112,b
100113,b
100114,b
100115,s
100116,b
100117,b
100118,s
100119,s
100120,b
100121,s
100122,b
100123,b
100124,b
100125,s
100126,b
100127,s
100128,b
100129,b
100130,b
100131,b
100132,b
100133,b
100134,b
100135,s
100136,b
100137,b
100138,b
100139,s
100140,b
100141,b
100142,b
100143,b
100144,b
100145,b
100146,b
100147,s
100148,s
100149,b
100150,s
100151,s
100152,b
100153,b
100154,b
100155,b
100156,b
100157,b
100158,s
100159,s
100160,b
100161,b
100162,b
100163,b
100164,b
100165,b
100166,s
100167,s
100168,b
100169,b
100170,b
100171,b
100172,b
100173,b
100174,b
100175,b
100176,b
100177,b
100178,b
100179,s
100180,b
100181,b
100182,s
100183,s
100184,b
100185,b
100186,b
100187,b
100188,b
100189,b
100190,s
100191,b
100192,b
100193,s
100194,b
100195,b
100196,b
100197,b
100198,b
100199,s
